VCA122,/img/jpg/Series.jpg,Joan Company,1143995473,BMW 2 Series Coup√©,89
VCA123,/img/pexels/jae-park/Clinton.jpg,Jae Park,70829037,Gas-Propelled Aerotrain,121
VCA124,/img/pexels/jae-park/Ferrari.jpg,Jae Park,70829037,Chemical Marveltrain,110
VCA125,/img/pexels/john-mark-smith/Old.jpg,John Mark Smith,1144585874,Implosion-Powered Eternitruck,108
VCA126,/img/pexels/kelson-downes/Toyota.jpg,Kelson Downes,40829037,Petroleum Powercopter,102
VCA127,/img/pexels/kelson-downes/ToyotaDown.jpg,Kelson Downes,40829037,The Peril,98
VCA128,/img/pexels/kelson-downes/ToyotaUp.jpg,Kelson Downes,40829037,The Anomaly,70
VCA129,/img/pexels/mike/Audi.jpg,Mike,555478159,The Demon,88
VCA130,/img/pexels/mike/AudiDown.jpg,Mike,555478159,Xoshofmobile,77
VCA131,/img/jpg/Audi.jpg,Jae Park,1143995473,Honda CR-V IV,87
VCA132,/img/jpg/BMW.jpg,Jae Park,1143995473,BMW 640d,98
VCA133,/img/jpg/Honda.jpg,John Mark Smith,1143995473,Honda CR-V IV,98
VCA134,/img/pexels/svh/CitroenUp.jpg,Kelson Downes,40829037,Fleeguhcraft,66
VCA135,/img/pexels/svh/Citroen.jpg,Kelson Downes,40829037,Freobiplane,99
VCA136,/img/jpg/Tesla.jpg,Kelson Downes,1143995473,Tesla Model S,120
VCA137,/img/jpg/Volkswagen.jpg,Mike,1143995473,Volkswagen Polo Golf VII,154
