Albin_Reinger,0JzuN2M56cPij77,Lauryn22@gmail.com,Emilia,Rolón,Vanuatu,830-218-8962,User,img/png/avatars/unknown.png
Alexandro_Auer,227J5gQFx5wSnv7,Josephine_Bruen@gmail.com,Vicente,Segura,Georgia,369-663-9918,User,img/png/avatars/female.png
Alice33,mCaVZRr521ARERt,Ana89@yahoo.com,Hernán,Blanco,Falkland Islands (Malvinas),980-714-4926,Owe,img/png/avatars/indian.png
Alisa.Streich48,Md7OjK6kumpBm4g,Jalen.Romaguera@hotmail.com,Adriana,Montes,Solomon Islands,205-362-6122,User,img/png/avatars/trump.png
Alvera_Kris81,6nDhPvuDZcu8Nio,Dangelo.Pagac90@hotmail.com,María Teresa,Lara,Papua New Guinea,602-001-3943,User,img/png/avatars/unknown.png
Alysha10,rv_CRXqyrDIuGuX,Leatha82@hotmail.com,Gerardo,Amaya,Guam,103-190-8978,User,img/png/avatars/female.png
Amira_Simonis,kjdrl3u8l70Q2lW,Emmy_Collins@hotmail.com,Mayte,Martínez,Austria,999-503-3002,User,img/png/avatars/indian.png
Angelica84,bGWJKhzsEzhkxQq,Immanuel_Hoppe71@hotmail.com,Sofía,Guevara,Tonga,582-564-0237,User,img/png/avatars/trump.png
Annabel56,j2HLrfXsZeSYLKM,Devyn.Schulist@gmail.com,Samuel,Zarate,Bahamas,720-996-9139,Administrator,img/png/avatars/unknown.png
Arnaldo.Abbott5,6a0kOlRvZLEDXHm,Estefania.Parker61@gmail.com,Mayte,Valle,Lebanon,394-265-9223,User,img/png/avatars/female.png
Arne39,at7myD0rY5zafUH,Retta.Gibson93@gmail.com,Mariano,Alanis,Kazakhstan,703-945-2043,User,img/png/avatars/indian.png
Ayla.Gerlach13,QGCCWs8YD4Zz2Vw,Kris67@hotmail.com,Adriana,Alejandro,United States Minor Outlying Islands,336-727-0987,User,img/png/avatars/trump.png
Aylin.Tillman,JlMFz3jGZ_p684h,Bill.Jaskolski45@gmail.com,Micaela,Caldera,Egypt,447-111-5014,User,img/png/avatars/unknown.png
Caesar_Carter67,2W13oU3XsQKvDdD,Thora68@yahoo.com,Leticia,Varela,Suriname,479-901-7266,User,img/png/avatars/female.png
Catharine.White,QxDeghgM0Ibkrjk,Era.Doyle89@yahoo.com,Mercedes,Castro,Slovakia (Slovak Republic),350-702-9796,User,img/png/avatars/indian.png
Charlie48,1OAkfNeTor_8neJ,Hipolito13@hotmail.com,Guillermina,Abrego,Saint Barthelemy,211-748-7725,Owe,img/png/avatars/trump.png
Chasity20,kIAn16aHRkaP7CI,Rowena.Strosin@hotmail.com,Virginia,Ponce,Bahamas,136-466-7536,Owe,img/png/avatars/unknown.png
Citlalli66,QUEB5UgPOHVyWRd,Jordan.Stokes93@yahoo.com,Norma,Reyes,Kuwait,464-697-5211,Owe,img/png/avatars/female.png
Colby_Dickinson,Ea6LEAsQCNhzYBN,Amaya.Legros32@yahoo.com,Hernán,Montalvo,Liechtenstein,515-105-0785,Owe,img/png/avatars/indian.png
Darwin_OHara,RfZznUe4ahw5Mre,Reilly_Schroeder@gmail.com,Marcela,Robles,American Samoa,250-343-6862,User,img/png/avatars/trump.png
Darwin76,WUNNZVomsoN6XZb,Louisa29@yahoo.com,Luz,González,Nigeria,405-830-6986,User,img/png/avatars/unknown.png
Dedrick_Doyle,SjcfaXgB1Mmi3jR,Rachael.Franecki3@hotmail.com,María Eugenia,Espinoza,Georgia,916-743-1707,User,img/png/avatars/female.png
Dennis_Lakin79,VWoPXdQKLsrBIZq,Dan3@yahoo.com,Mariano,Patiño,Mexico,395-523-9520,User,img/png/avatars/indian.png
Deon19,4whk4FXXuRG_AVH,Tatyana10@hotmail.com,Natalia,Suárez,Nauru,767-275-9928,Owe,img/png/avatars/trump.png
Diamond.Becker6,lEHoAZCJWNwTlFR,Jillian_Kovacek@gmail.com,Maricarmen,Aranda,Switzerland,806-060-4876,User,img/png/avatars/unknown.png
Diego.Casper84,pzZmXMRLOLRfqfT,Humberto_Adams@gmail.com,Ernesto,Orosco,Afghanistan,269-578-2391,User,img/png/avatars/female.png
Earnestine.DAmo,yed2yz9phCHqhOV,Jillian.Bartell@hotmail.com,Natalia,Ulibarri,Guam,151-856-5199,Administrator,img/png/avatars/indian.png
Eleonore14,35HGG7ShMrYq3P7,Casper_Herman@gmail.com,Esperanza,Cabrera,Latvia,006-201-3152,User,img/png/avatars/trump.png
Ellie_Luettgen,AAsDW3ImKToRxlQ,Kory_Hickle@yahoo.com,Emilio,Valentín,Guinea,577-699-2760,Administrator,img/png/avatars/unknown.png
Emmie_Yost57,lgE2Uph7LCIk9Qj,Mohammed69@hotmail.com,Cecilia,Delarosa,Denmark,768-618-1605,User,img/png/avatars/female.png
Fabian53,XMaiNw5c6oNuSzZ,Fritz.Raynor@gmail.com,Lucía,Castellanos,Saint Kitts and Nevis,464-491-4186,User,img/png/avatars/indian.png
Geovany.Heller,ugrfrkjzyJIdGIL,Destany_Grady@hotmail.com,Mariano,Ávila,Mauritius,560-691-9144,User,img/png/avatars/trump.png
Giovanna.Maggio,d_jvq_kjTgJuNEk,Abigail_Schinner@yahoo.com,Alfonso,Carrera,Myanmar,504-296-7127,User,img/png/avatars/unknown.png
Hayley.Ryan,wvoFATKhKSPBYPC,Leonard5@hotmail.com,Carmen,Castillo,Algeria,419-738-2138,User,img/png/avatars/female.png
Heather.Smitham,Zepf5KiLrgpnUoI,Herminia_Moore54@yahoo.com,Mariana,Malave,Germany,884-242-2232,Administrator,img/png/avatars/indian.png
Hermann_Cassin2,iHnfMLZVaRLJmmD,Jalon59@gmail.com,Mónica,Canales,Martinique,013-347-1250,User,img/png/avatars/trump.png
Hermina_Baumbac,IyfEfbygkYtfpP0,Kaylee75@yahoo.com,Norma,Valladares,Reunion,352-013-2251,User,img/png/avatars/unknown.png
Hershel47,CNyxZnKxEW4rMWU,Rebeca_Hartmann@hotmail.com,Andrea,Salazar,Bermuda,597-279-2275,User,img/png/avatars/female.png
Houston39,Pk1skqyQoOrqJ7P,Ilene_Flatley@hotmail.com,Jerónimo,Segovia,Botswana,181-984-7436,User,img/png/avatars/indian.png
Ilene_Koss49,hNMRJi1rz2I89L_,Sylvester.Quigley@gmail.com,Manuel,Lemus,Saudi Arabia,647-659-3845,User,img/png/avatars/trump.png
Isobel_Kshlerin,mJvIbRI1LgTysNz,Herminio36@gmail.com,Javier,Mendoza,Holy See (Vatican City State),927-520-1530,User,img/png/avatars/unknown.png
Jacey24,_cG9NNGqHmzKcem,Sigmund_Hand@hotmail.com,Tomás,Cadena,Liberia,683-760-5554,User,img/png/avatars/female.png
Jamey42,VVoNUmLv_IqnSOU,Kristy_Dibbert11@gmail.com,Inés,Zaragoza,Poland,861-296-8798,User,img/png/avatars/indian.png
Jayda_Huel,6_UBzbbk8sjKt8G,Presley.Borer88@yahoo.com,Claudio,Gil,Sierra Leone,210-799-2671,User,img/png/avatars/trump.png
Jaydon28,oeVAGlLY9rC2XQR,Erika.Schuppe@yahoo.com,Lorena,Rendón,Gabon,338-045-5521,User,img/png/avatars/unknown.png
Jett_Murphy3,EBv01p6wIY1f1_S,Julia.Lubowitz@yahoo.com,Pilar,Jasso,New Zealand,013-068-7159,User,img/png/avatars/female.png
Jordane.Rath13,EtNKnW__f93pFQu,Tracey.Jones51@hotmail.com,Benjamín,Serna,Martinique,889-145-8039,Administrator,img/png/avatars/indian.png
Judge75,ss1BFT45LdunNJr,Unique_Bartell65@yahoo.com,Antonio,Peña,Sweden,746-495-1526,User,img/png/avatars/trump.png
Kareem_Schaden9,p2PYG2X0maoufvv,Bell94@gmail.com,Irene,Ledesma,Belgium,828-197-2821,User,img/png/avatars/unknown.png
Katarina17,fiTUA_X9CUFLHnM,Virginie44@yahoo.com,María José,Baca,Northern Mariana Islands,886-480-9348,User,img/png/avatars/female.png
Kenton.Kuphal,gMtQXeVlze0IAyI,Brisa.Simonis31@yahoo.com,Bernardo,Amaya,Monaco,760-658-5171,User,img/png/avatars/indian.png
Lafayette.Koch4,BIboRFxUPe095p1,Elenora.Rutherford88@hotmail.com,Pilar,Armijo,Cocos (Keeling) Islands,405-518-9367,User,img/png/avatars/trump.png
Lee.Metz,Czm5Q2by7lTe2Bu,Edythe.Conroy11@gmail.com,José,Iglesias,Marshall Islands,373-817-0167,User,img/png/avatars/unknown.png
Lewis76,zZPQ3sX7pKtcdGH,Kirk.Osinski29@gmail.com,Adela,Anguiano,Vanuatu,017-747-1490,User,img/png/avatars/female.png
Liliane62,RmU2GJikaRoRTnN,Cassidy81@hotmail.com,Natalia,Madrid,Togo,484-153-9679,User,img/png/avatars/indian.png
Linda.Beatty76,rTQWE1UTy1oaodY,Daphnee.Klein16@hotmail.com,Rosa,Orosco,Slovenia,341-455-5689,Administrator,img/png/avatars/trump.png
Loy38,IONEVGEYC88Heed,Terrance3@gmail.com,Natalia,Báez,Colombia,416-484-7736,User,img/png/avatars/unknown.png
Lucie.Dach,t8lFr7jfrRtD34R,Serenity14@gmail.com,Mario,Tello,Angola,223-211-5827,User,img/png/avatars/female.png
Lyric82,GNm5N6EYhzEhr_j,Lawrence83@yahoo.com,Antonio,Ledesma,Tunisia,992-178-4597,User,img/png/avatars/indian.png
Madaline.Jones2,v2UnHEBpNNzv0t0,Orlo93@gmail.com,Adriana,Balderas,French Southern Territories,951-828-9002,User,img/png/avatars/trump.png
Maiya7,VdPc9WHxubCuGZd,Anya8@hotmail.com,Andrés,Velásquez,Italy,419-102-4184,User,img/png/avatars/unknown.png
Margarett_Morar,BbfRmTHcVpLwGfT,Drew86@hotmail.com,Silvia,Arevalo,Gabon,092-453-4484,User,img/png/avatars/female.png
Mariane60,nFMfXOV6qDmqAG3,Kaylin.Steuber71@hotmail.com,Josefina,Mota,Israel,644-842-3901,User,img/png/avatars/indian.png
Marilyne.Gulgow,PfDQYTTRcgFl4yu,Eleonore_Mosciski23@yahoo.com,Barbara,Anaya,Mauritania,267-631-4934,Administrator,img/png/avatars/trump.png
Marisa.Smith,WFS8tDpXrpDAiNX,Ethyl86@gmail.com,José María,Cardona,Nauru,274-533-0365,Administrator,img/png/avatars/unknown.png
Master,Master,master@master.co,Master,Role,Colombia,712-067-1827,Administrator,img/png/avatars/female.png
Mathilde13,0nV1zvKSIugMh6F,Annetta_Heathcote@hotmail.com,Fernando,Solorzano,Guatemala,990-087-6047,User,img/png/avatars/indian.png
Miguel.Tillman3,mwFRg9JjLSo12ek,Marlin.McDermott@yahoo.com,Marco Antonio,Aguayo,Madagascar,903-017-5713,Administrator,img/png/avatars/trump.png
Missouri.Kertzm,uKH8LtBTnBYS_NV,Max_Carroll@hotmail.com,Nicolás,Soliz,"Virgin Islands, U.S.",804-693-9237,User,img/png/avatars/unknown.png
Misty22,e5ZwklcqiZrfw2e,Else.Volkman@gmail.com,Ramiro,Alba,Cote d'Ivoire,481-940-8517,User,img/png/avatars/female.png
Monty_Paucek92,o15IePs1K2dKDG_,Alfonzo_Wisoky@gmail.com,Florencia,Berríos,Kazakhstan,136-325-6585,Administrator,img/png/avatars/indian.png
Monty.Satterfie,5Qb_Xao8buAdnGs,Mateo_Marks@hotmail.com,Carmen,Granado,Uganda,755-904-3753,User,img/png/avatars/trump.png
Mossie.Wehner91,rcYWXjIXiKF_eXr,Ronaldo_Osinski@hotmail.com,Ángela,Herrera,Oman,741-410-0685,Administrator,img/png/avatars/unknown.png
Mustafa_Walker,TsEMSqLYdmLUnm0,Roxane_Jones@yahoo.com,Ester,Cazares,French Guiana,287-554-8376,User,img/png/avatars/female.png
Narciso59,meJLodE6emG3Uzj,Stephania.Howe@hotmail.com,Olivia,Olivera,Benin,264-044-0727,User,img/png/avatars/indian.png
Noah_Kuhn,zxP6rkc1IOf_DyA,Gwendolyn5@hotmail.com,Pedro,Téllez,Palau,639-421-5759,User,img/png/avatars/trump.png
Pattie.Stehr24,HiyF63crOnJHtZb,Vanessa.McGlynn3@hotmail.com,Daniel,Olivares,Tunisia,968-133-6734,User,img/png/avatars/unknown.png
Peyton_VonRuede,eDlVRr7x10N0C2I,Ressie_Becker32@yahoo.com,Bernardo,Gallegos,French Guiana,173-998-4124,Administrator,img/png/avatars/female.png
Prudence_Batz17,nm90RRooCJ2COq8,Pascale87@yahoo.com,Marilú,Páez,Norway,597-767-6678,User,img/png/avatars/indian.png
Quinn_Mayert60,t1B9Pb2m2SaQpQQ,Mya.Mayert53@hotmail.com,Isabela,Pulido,Kyrgyz Republic,103-076-1875,User,img/png/avatars/trump.png
Quinn87,jSA53R4PfnWAiFP,Francisca_Cronin93@gmail.com,Verónica,Tovar,Namibia,850-539-0826,User,img/png/avatars/unknown.png
Rafael27,9sfj_DOhHgE5qPw,Name_Heller23@hotmail.com,Tomás,Navarro,Timor-Leste,144-853-5017,User,img/png/avatars/female.png
Ramona8,Us0mkj4d4XBhAO8,Alyson_Nienow81@yahoo.com,Ramiro,Aguilar,Turkey,100-971-9406,User,img/png/avatars/indian.png
Rashad_Halvorso,SS1HPvkUMcq08V7,Della_Adams@gmail.com,Jacobo,Malave,Moldova,136-097-0800,Administrator,img/png/avatars/trump.png
Rita_Schiller,qRUIPQvjaYJlyXQ,Rowan_Simonis@yahoo.com,Carolina,Montenegro,San Marino,025-904-8225,Administrator,img/png/avatars/unknown.png
Roman.Ernser,UU9H6nlQkWgb9Wd,Jed_Bashirian14@gmail.com,Jesús,Salgado,Kenya,206-598-4148,User,img/png/avatars/female.png
Rosalinda30,Nauvp8teY9k46ad,Arnold49@gmail.com,Ramón,Urías,Bhutan,240-046-6989,Owe,img/png/avatars/indian.png
Rosamond20,cNP1F_KDlnVHVaq,Yoshiko15@hotmail.com,Eloisa,Salas,Lao People's Democratic Republic,697-451-3395,Owe,img/png/avatars/trump.png
Rubie.Abshire63,YjXrDSN_OZWj2w8,Kenton_Hermiston@yahoo.com,Estela,Paz,Mali,712-067-1827,User,img/png/avatars/unknown.png
Scarlett.Bednar,Fvd2Ds64Vx2Gym_,Nash_Carter40@hotmail.com,María Eugenia,Razo,Tunisia,367-330-3936,User,img/png/avatars/female.png
Skylar.Watsica,2i2c24ba7llepTK,Gino.Lakin90@yahoo.com,Manuel,Prieto,Singapore,604-700-5220,User,img/png/avatars/indian.png
Stefan50,1WXQByFbyIL1ORl,Libby_Goyette92@gmail.com,Catalina,Partida,Tanzania,637-151-2459,User,img/png/avatars/trump.png
Susanna_Botsfor,bbK5JjU9OTNVgBt,Judge70@yahoo.com,Raquel,Mesa,Cayman Islands,053-055-2743,User,img/png/avatars/unknown.png
Tabitha_Pouros7,3rMSbWRYZQ4_7tw,Dangelo_Witting@hotmail.com,Ángela,García,Grenada,742-073-6909,User,img/png/avatars/female.png
Tanya_Brakus66,jgPTyvyxa2YzXoH,Marlene71@hotmail.com,Andrés,Valentín,Vanuatu,368-697-5642,User,img/png/avatars/indian.png
Tianna70,j4kqcbayimyMEyt,Turner.Emmerich51@hotmail.com,María Cristina,Pérez,Italy,727-506-9097,Owe,img/png/avatars/trump.png
Uriah_Bailey,AAUm8vYkJGbN_qk,Marisa_Kiehn@gmail.com,Maricarmen,Mojica,Philippines,311-051-0493,Owe,img/png/avatars/unknown.png
Uriah_McCulloug,wHycQbRq60zGxwz,Joshuah_Muller@gmail.com,Carolina,Quiñones,South Africa,197-891-4597,User,img/png/avatars/female.png
Verlie.Weber63,02ADwnyZ3O0rmCL,Tierra.Gorczany@yahoo.com,Sancho,Pagan,Costa Rica,200-296-0591,User,img/png/avatars/indian.png
Vincent_Block33,zUATB4RtTj2QlLT,Amely_Wintheiser@gmail.com,Maricarmen,Zarate,Canada,821-971-2379,User,img/png/avatars/trump.png
Yasmine.Sawayn3,i8Mbg6uOdKunQpZ,Eliza42@hotmail.com,Isabel,Deleón,Solomon Islands,859-488-8876,User,img/png/avatars/unknown.png
